id,label,name,type,criticality,os,cve,score,description,role,email,sensitivity,data_type,privilegeLevel
alice,User,alice,,,,,RH,alice@cybercorp.com,,,
bob,User,bob,,,,,Développeur,bob@cybercorp.com,,,
charlie,User,charlie,,,,,Admin Système,charlie@cybercorp.com,,,
diana,User,diana,,,,,RSSI,diana@cybercorp.com,,,
eve,User,eve,,,,,Stagiaire,eve@cybercorp.com,,,
PC-ALICE,Machine,PC-ALICE,workstation,low,Windows 10,,,,,,,,
PC-BOB,Machine,PC-BOB,workstation,medium,Windows 10,,,,,,,,
SRV-WEB,Machine,SRV-WEB,server,medium,Linux Ubuntu 20.04,,,,,,,,
SRV-DB,Machine,SRV-DB,database,high,Linux Ubuntu 20.04,,,,,,,,
DC-01,Machine,DC-01,domain_controller,critical,Windows Server 2019,,,,,,,,
NAS-BACKUP,Machine,NAS-BACKUP,backup_server,critical,NAS OS,,,,,,,,
SSH,Service,SSH,,,,,,,,,,,,
HTTP,Service,HTTP,,,,,,,,,,,,
HTTPS,Service,HTTPS,,,,,,,,,,,,
RDP,Service,RDP,,,,,,,,,,,,
SMB,Service,SMB,,,,,,,,,,,,
MongoDB,Service,MongoDB,,,,,,,,,,,,
CVE-2021-44228,Vulnerability,Log4Shell,,,,CVE-2021-44228,10.0,Exécution de code à distance via Log4j,,,,,,
CVE-2020-1472,Vulnerability,Zerologon,,,,CVE-2020-1472,10.0,Élévation de privilèges sur contrôleur de domaine,,,,,,
CVE-2019-0708,Vulnerability,BlueKeep,,,,CVE-2019-0708,9.8,Exécution de code à distance via RDP,,,,,,
CVE-2022-22965,Vulnerability,Spring4Shell,,,,CVE-2022-22965,9.8,Exécution de code à distance sur application Spring,,,,,,
CVE-2023-0001,Vulnerability,SMB Misconfiguration,,,,CVE-2023-0001,7.5,Mauvaise configuration du partage SMB,,,,,,
RH,Group,RH,,,,,,,,,,,,
DEV,Group,DEV,,,,,,,,,,,,
ADMINS,Group,ADMINS,,,,,,,,,,,,
SECURITY,Group,SECURITY,,,,,,,,,,,,
Base clients,Resource,Base clients,,,,,,,,,,,high,,
Données RH,Resource,Données RH,,,,,,,,,,,high,,
Active Directory,Resource,Active Directory,,,,,,,,,,,critical,,
Sauvegardes,Resource,Sauvegardes,,,,,,,,,,,critical,,
Secrets applicatifs,Resource,Secrets applicatifs,,,,,,,,,,,critical,,
